,zone_number,county,road_type_descri_ption,road_name,fatal_collisions,serious_collisions,minor_collisions,total_collisions,start_latitude,start_longtitude,end_latitude,end_longtitude,length_km,type
0,248,Dublin,Regional,R132,0,1,7,8,53.599967,-6.185746,53.61281,-6.188607,1.59,Current
1,249,Dublin,Regional,R127,0,1,0,1,53.586151,-6.143006,53.597129,-6.16165,1.98,Current
2,251,Dublin,Regional,R106,0,2,11,13,53.45116,-6.147267,53.416024,-6.178003,5.31,Current
3,252,Dublin,Regional,R132,0,0,12,12,53.413129,-6.238984,53.427707,-6.229529,1.86,Current
4,254,Dublin,Local,L3016,0,1,2,3,53.390356,-6.408635,53.401188,-6.400307,1.36,Current
5,255,Dublin,Local,L3090,0,2,3,5,53.403943,-6.358805,53.398081,-6.332871,2.08,Current
6,256,Dublin,Regional,R135,2,6,39,47,53.403398,-6.310797,53.367585,-6.272903,5.09,Current
7,257,Dublin,Regional,R816,0,1,26,27,53.332064,-6.235711,53.333802,-6.244927,0.66,Current
8,259,Dublin,Regional,R817,0,5,35,40,53.30277,-6.308635,53.326326,-6.278169,3.62,Current
9,261,Dublin,Regional,R113,0,1,19,20,53.308705,-6.386186,53.285648,-6.365907,3.01,Current
10,262,Dublin,Regional,R112,0,4,35,39,53.317547,-6.333834,53.338384,-6.34787,3.0,Current
11,263,Dublin,Regional,R121,0,1,3,4,53.414267,-6.386413,53.402639,-6.39721,1.5,Current
12,264,Dublin,Regional,R101,2,7,69,78,53.360544,-6.269381,53.350146,-6.233991,2.77,Current
13,355,Dublin,Regional,R135,0,2,12,14,53.522083,-6.412121,53.455111,-6.347932,8.64,Current
14,478,Dublin,Regional,R128,0,0,7,7,53.523785,-6.091347,53.521953,-6.147831,4.21,Current
15,479,Dublin,Regional,R126,0,1,3,4,53.493484,-6.122774,53.485324,-6.150638,2.27,Current
16,480,Dublin,Regional,R104,0,5,19,24,53.39709,-6.235341,53.389558,-6.197874,2.74,Current
17,481,Dublin,Regional,R807,0,1,6,7,53.362656,-6.178714,53.359736,-6.200128,1.62,Current
18,482,Dublin,Regional,R103,0,1,4,5,53.388009,-6.299572,53.390784,-6.319665,1.4,Current
19,483,Dublin,Regional,R107,0,5,36,41,53.382936,-6.205513,53.364481,-6.229493,2.65,Current
20,484,Dublin,Regional,R147,2,3,17,22,53.361648,-6.298391,53.371854,-6.331091,2.46,Current
21,485,Dublin,Regional,R147,0,3,26,29,53.361613,-6.298172,53.360746,-6.272876,1.69,Current
22,486,Dublin,Regional,R135,0,3,27,30,53.36423,-6.27177,53.354469,-6.273307,1.11,Current
23,488,Dublin,Regional,R803,1,5,44,50,53.362797,-6.236774,53.349935,-6.267989,2.61,Current
24,489,Dublin,Regional,R105,2,10,70,82,53.36678,-6.220558,53.348989,-6.251547,3.04,Current
25,490,Dublin,Regional,R148,0,17,82,99,53.344315,-6.3276,53.348965,-6.251631,5.4,Current
26,491,Dublin,Regional,R148,0,6,57,63,53.348523,-6.251526,53.346875,-6.290776,2.79,Current
27,492,Dublin,Regional,R110,1,8,63,72,53.333489,-6.291117,53.323302,-6.352402,4.36,Current
28,493,Dublin,Regional,R137,0,7,14,21,53.332236,-6.275145,53.322829,-6.279177,1.1,Current
29,494,Dublin,Regional,R818,0,1,3,4,53.31488,-6.313077,53.316961,-6.326202,0.92,Current
30,495,Dublin,Regional,R819,0,2,14,16,53.316792,-6.333334,53.29159,-6.357379,3.4,Current
31,496,Dublin,Regional,R136,0,1,3,4,53.284523,-6.393319,53.291007,-6.404592,1.04,Current
32,497,Dublin,National,N81,1,3,24,28,53.288218,-6.339061,53.284252,-6.378243,2.67,Current
33,595,Dublin,Regional,R147,1,0,2,3,53.591203,-6.600356,53.556766,-6.576495,4.24,Current
34,596,Dublin,Regional,R152,0,1,2,3,53.651665,-6.411767,53.621305,-6.424435,3.54,Current
35,598,Dublin,Regional,R128,1,1,0,2,53.524425,-6.091289,53.538837,-6.092235,1.65,Current
36,600,Dublin,Regional,R107,0,4,21,25,53.407479,-6.177842,53.383016,-6.205129,3.37,Current
37,601,rbDaunb Rlionad,Urban Stree,/UnBcellacslasirfeie Vdiew,0,2,8,10,53.397529,-6.266477,53.403251,-6.281973,1.27,Current
38,602,Dublin,Regional,R104,0,2,6,8,53.400768,-6.261242,53.397285,-6.24499,1.15,Current
39,603,Dublin,Regional,R132,0,1,1,2,53.594365,-6.184119,53.574541,-6.205068,2.64,Current
40,604,Dublin,Regional,R807,0,0,8,8,53.360386,-6.203966,53.363677,-6.224829,1.47,Current
41,607,Dublin,Regional,R103,0,5,22,27,53.39035,-6.287936,53.379515,-6.31058,2.82,Current
42,608,Dublin,Local,L3060,0,1,3,4,53.377109,-6.392214,53.38322,-6.393322,0.69,Current
43,609,Dublin,Regional,R835,0,0,9,9,53.356481,-6.449498,53.35894,-6.422798,1.94,Current
44,610,Dublin,Regional,R833,0,1,14,15,53.345595,-6.379609,53.342264,-6.349423,2.08,Current
45,612,Dublin,Regional,R137,0,3,32,35,53.299467,-6.300679,53.322587,-6.279304,3.12,Current
46,613,Dublin,Regional,R114,1,10,59,70,53.328808,-6.264485,53.30205,-6.283911,3.59,Current
47,614,Dublin,National,N11,0,5,23,28,53.277335,-6.182625,53.296688,-6.203906,2.75,Current
48,1056,Dublin,Motorway,M1,1,1,5,7,53.532046,-6.207331,53.4915,-6.203505,4.67,Current
49,1057,Dublin,Regional,R125,1,2,7,10,53.45931,-6.220163,53.473286,-6.257102,2.99,Current
50,1062,Dublin,Motorway,M50,0,8,108,116,53.292392,-6.331757,53.410807,-6.231246,21.43,Current
51,1063,rbDaunb Rlionad,Urban Stree,/rUionrcswlaossoifdie Rdoad,0,1,6,7,53.397818,-6.187716,53.402015,-6.205119,1.27,Current
52,1065,Dublin,Local,L3016,0,0,8,8,53.385951,-6.404271,53.3909,-6.43123,1.88,Current
53,1066,Dublin,National,N7,1,0,17,18,53.316928,-6.374002,53.307215,-6.406321,2.46,Current
54,1067,Dublin,Regional,R113,0,0,6,6,53.316009,-6.396231,53.322748,-6.406187,1.13,Current
55,1071,Dublin,Motorway,M50,0,8,44,52,53.286393,-6.328661,53.196405,-6.133379,20.14,Current
56,1072,Dublin,Regional,R830,0,2,9,11,53.283348,-6.146407,53.273502,-6.173658,2.19,Current
57,1073,Dublin,Regional,R118,1,9,34,44,53.299423,-6.177143,53.322158,-6.21794,3.8,Current
58,1075,Dublin,Regional,R138,0,5,30,35,53.298102,-6.204318,53.327776,-6.244723,4.34,Current
59,1077,Dublin,Regional,R111,2,18,98,118,53.351657,-6.225592,53.348239,-6.308347,9.88,Current
60,1079,rbDaunb Rlionad,Urban StreeC,/Unnacluagshsitf iSetdreet,0,3,4,7,53.362595,-6.27322,53.364689,-6.28714,0.96,Current
61,1080,Dublin,Regional,R102,0,3,11,14,53.369609,-6.230753,53.376182,-6.251871,1.59,Current
62,1158,Dublin,Local,L6002,0,1,1,2,53.275797,-6.514693,53.299367,-6.507026,3.18,New
63,1164,Dublin,Local,L2025,0,2,1,3,53.454579,-6.223119,53.437229,-6.249286,2.86,New
64,1168,Dublin,Local,L2065,0,1,2,3,53.447852,-6.204573,53.433221,-6.176713,2.6,New
65,1184,Dublin,Local,L3120,0,3,4,7,53.41263,-6.345004,53.423271,-6.326253,2.08,New
66,1190,Dublin,Local,L2015,0,1,2,3,53.417239,-6.265249,53.417611,-6.239268,1.8,New
67,1191,Dublin,Local,L3036,0,1,3,4,53.289451,-6.342928,53.3013,-6.352224,1.79,New
68,1193,Dublin,Local,L3040,0,1,9,10,53.389016,-6.380742,53.382667,-6.403226,1.75,New
69,1194,Dublin,Local,L4020,1,0,1,2,53.278042,-6.284337,53.29304,-6.287856,1.73,New
70,1199,Dublin,Local,L3021,0,0,10,10,53.2878,-6.36231,53.289709,-6.340383,1.48,New
71,1200,Dublin,Local,L4010,0,2,2,4,53.282364,-6.318246,53.291967,-6.311685,1.42,New
72,1201,Dublin,Local,L2002,0,1,4,5,53.280179,-6.445214,53.291189,-6.43748,1.39,New
73,1205,Dublin,Local,L1006,0,0,6,6,53.330089,-6.398097,53.337655,-6.385432,1.31,New
74,1206,Dublin,Local,L4003,0,2,0,2,53.286566,-6.331218,53.275111,-6.331049,1.3,New
75,1208,Dublin,Local,L1003,0,1,5,6,53.308839,-6.196402,53.29954,-6.204867,1.26,New
76,1209,Dublin,Local,L1013,0,1,3,4,53.345593,-6.379578,53.355122,-6.37228,1.28,New
77,1210,Dublin,Local,L3005,0,1,3,4,53.37298,-6.456962,53.362367,-6.455549,1.21,New
78,1213,Dublin,Local,L3010,0,0,8,8,53.285499,-6.407571,53.283491,-6.391536,1.19,New
79,1214,Dublin,Local,L2014,0,1,7,8,53.275615,-6.229457,53.280283,-6.214796,1.16,New
80,1215,Dublin,Local,L3018,0,1,1,2,53.298014,-6.370617,53.298211,-6.35416,1.12,New
81,1216,Dublin,Local,L3007,0,1,9,10,53.276988,-6.356939,53.277039,-6.373489,1.12,New
82,1217,Dublin,Local,L4022,0,1,1,2,53.307324,-6.319272,53.316289,-6.316935,1.11,New
83,1218,Dublin,Local,L3020,0,1,4,5,53.38531,-6.372425,53.392283,-6.383017,1.1,New
84,1219,Dublin,Local,L1015,0,2,2,4,53.330089,-6.398097,53.337892,-6.407036,1.09,New
85,1220,Dublin,Local,L2049,0,2,5,7,53.30271,-6.233425,53.299237,-6.219177,1.05,New
86,1221,Dublin,Local,L2065,0,2,0,2,53.447996,-6.204698,53.453578,-6.214087,1.04,New
87,1223,Dublin,Local,L2004,0,1,2,3,53.281344,-6.476368,53.283163,-6.462068,1.01,New
88,1224,Dublin,Local,L2047,0,1,2,3,53.209272,-6.132037,53.210627,-6.117137,1.01,New
89,1225,Dublin,Local,L6034,0,1,1,2,53.262536,-6.210222,53.269713,-6.211669,0.86,New
90,1226,Dublin,Local,L1026,0,1,5,6,53.323295,-6.395506,53.330089,-6.398097,0.82,New
91,1227,Dublin,Local,L7460,0,1,1,2,53.280313,-6.358605,53.282428,-6.348105,0.75,New
92,1229,Dublin,Local,L3003,0,1,4,5,53.289505,-6.402578,53.285612,-6.407661,0.56,New
93,1230,Dublin,Local,L3027,0,1,2,3,53.286174,-6.368393,53.285685,-6.375346,0.56,New
94,1232,Dublin,Local,L5690,0,1,1,2,53.339409,-6.43934,53.34035,-6.431794,0.53,New
95,1233,Dublin,Local,L1042,0,1,1,2,53.353781,-6.412077,53.353804,-6.40495,0.49,New
96,1235,Dublin,Local,L4006,0,1,2,3,53.31295,-6.358786,53.310412,-6.353529,0.45,New
97,1236,Dublin,Local,L1015,0,0,6,6,53.340968,-6.408024,53.341731,-6.413879,0.4,New
98,1237,Dublin,Local,L1002,1,0,3,4,53.322987,-6.424314,53.326051,-6.425506,0.4,New
99,1238,Dublin,Local,L2143,0,1,1,2,53.459531,-6.219098,53.460502,-6.21396,0.36,New
100,1239,Dublin,Local,L2002,0,2,1,3,53.284494,-6.454764,53.281985,-6.451898,0.35,New
101,1240,Dublin,Local,L1025,0,2,2,4,53.345028,-6.398326,53.347798,-6.397783,0.31,New
102,1241,Dublin,Regional,R101,0,2,21,23,53.348128,-6.295006,53.360776,-6.275115,2.35,New
103,1243,Dublin,Regional,R103,0,2,1,3,53.382686,-6.245112,53.378391,-6.229888,1.12,New
104,1245,Dublin,Regional,R103,0,1,9,10,53.390238,-6.275652,53.382984,-6.245817,2.18,New
105,1246,Dublin,Regional,R104,0,0,8,8,53.38947,-6.194243,53.391202,-6.172365,1.48,New
106,1247,Dublin,Regional,R104,0,2,7,9,53.391206,-6.170922,53.38516,-6.143524,2.01,New
107,1249,Dublin,Regional,R104,0,2,5,7,53.406484,-6.269251,53.406399,-6.299625,2.07,New
108,1253,Dublin,Regional,R105,0,2,5,7,53.367197,-6.216801,53.371224,-6.203606,1.02,New
109,1254,Dublin,Regional,R105,0,2,4,6,53.371723,-6.202516,53.378311,-6.182682,1.57,New
110,1255,Dublin,Regional,R105,0,1,2,3,53.378967,-6.180654,53.380572,-6.159873,1.44,New
111,1256,Dublin,Regional,R105,0,1,1,2,53.37966,-6.092766,53.384104,-6.10018,0.71,New
112,1257,Dublin,Regional,R105,0,1,6,7,53.38807,-6.127465,53.389449,-6.110258,1.16,New
113,1258,Dublin,Regional,R105,0,1,7,8,53.390717,-6.087509,53.388638,-6.071975,1.1,New
114,1259,Dublin,Regional,R106,0,2,8,10,53.41673,-6.140566,53.390746,-6.114323,3.5,New
115,1260,Dublin,Regional,R106,0,1,6,7,53.449416,-6.183241,53.454041,-6.210337,1.89,New
116,1264,Dublin,Regional,R108,0,3,30,33,53.343467,-6.275196,53.35014,-6.274538,0.79,New
117,1265,Dublin,Regional,R108,0,4,14,18,53.388937,-6.264775,53.367233,-6.27063,2.52,New
118,1267,Dublin,Regional,R108,0,2,14,16,53.391804,-6.264071,53.408349,-6.266286,1.87,New
119,1269,Dublin,Regional,R108,0,1,4,5,53.483552,-6.271082,53.498827,-6.26996,1.8,New
120,1271,Dublin,Regional,R109,1,2,14,17,53.347046,-6.317122,53.347584,-6.291067,1.76,New
121,1272,Dublin,Regional,R109,0,1,3,4,53.35081,-6.351661,53.3465,-6.333234,1.42,New
122,1275,Dublin,Regional,R110,0,3,30,33,53.33396,-6.290719,53.337614,-6.265797,1.95,New
123,1276,Dublin,Regional,R110,0,3,14,17,53.336158,-6.257266,53.337598,-6.265745,0.6,New
124,1278,Dublin,Regional,R112,0,2,2,4,53.292947,-6.245335,53.291553,-6.236689,0.63,New
125,1279,Dublin,Regional,R112,0,5,6,11,53.303304,-6.310972,53.300545,-6.287307,1.82,New
126,1281,Dublin,Regional,R112,0,1,12,13,53.299734,-6.261391,53.293331,-6.246519,1.37,New
127,1282,Dublin,Regional,R112,0,1,2,3,53.303981,-6.278596,53.302306,-6.266502,0.84,New
128,1283,Dublin,Regional,R112,1,2,19,22,53.316587,-6.332594,53.306194,-6.32011,1.43,New
129,1285,Dublin,Regional,R112,0,1,1,2,53.346495,-6.352004,53.342567,-6.348884,0.49,New
130,1286,Dublin,Regional,R113,0,0,6,6,53.273006,-6.200131,53.277556,-6.186297,1.08,New
131,1287,Dublin,Regional,R113,0,2,11,13,53.273499,-6.259848,53.282068,-6.296999,2.8,New
132,1288,Dublin,Regional,R113,0,1,6,7,53.276937,-6.32813,53.279522,-6.317178,0.79,New
133,1289,Dublin,Regional,R113,0,2,5,7,53.279516,-6.183679,53.291406,-6.171467,1.59,New
134,1290,Dublin,Regional,R113,0,1,13,14,53.286215,-6.361699,53.275318,-6.344791,1.99,New
135,1291,Dublin,Regional,R113,0,1,8,9,53.332083,-6.406587,53.348142,-6.405587,1.81,New
136,1292,Dublin,Regional,R114,0,1,5,6,53.280804,-6.344228,53.287941,-6.326264,1.47,New
137,1293,Dublin,Regional,R114,0,2,2,4,53.294314,-6.303231,53.297878,-6.28673,1.19,New
138,1295,Dublin,Regional,R114,0,2,16,18,53.333872,-6.265195,53.337783,-6.265855,0.44,New
139,1296,Dublin,Regional,R114,0,5,35,40,53.337783,-6.265855,53.344178,-6.264451,0.73,New
140,1298,Dublin,Regional,R115,0,1,4,5,53.282217,-6.297338,53.288168,-6.291097,0.79,New
141,1299,Dublin,Regional,R116,0,1,1,2,53.235592,-6.193524,53.232871,-6.199448,0.79,New
142,1300,Dublin,Regional,R117,0,3,15,18,53.268611,-6.229243,53.291367,-6.245667,2.92,New
143,1301,Dublin,Regional,R117,0,0,11,11,53.307367,-6.246345,53.292739,-6.246345,1.65,New
144,1302,Dublin,Regional,R117,0,3,19,22,53.332418,-6.263018,53.313099,-6.247058,2.85,New
145,1303,Dublin,Regional,R118,0,2,6,8,53.289529,-6.129756,53.289535,-6.129546,1.53,New
146,1305,Dublin,Regional,R118,0,6,36,42,53.322436,-6.218298,53.341765,-6.252578,3.24,New
147,1306,Dublin,Regional,R118,0,0,7,7,53.343693,-6.249561,53.342151,-6.2505,0.18,New
148,1307,Dublin,Regional,R118,0,1,8,9,53.344172,-6.249587,53.345611,-6.257516,0.55,New
149,1308,Dublin,Regional,R119,1,1,6,8,53.233303,-6.123667,53.244386,-6.121335,1.27,New
150,1309,Dublin,Regional,R119,1,1,0,2,53.275711,-6.100399,53.278077,-6.106968,0.55,New
151,1310,Dublin,Regional,R119,0,1,2,3,53.28569,-6.113047,53.287805,-6.125867,0.91,New
152,1311,Dublin,Regional,R120,1,0,2,3,53.326218,-6.457059,53.334943,-6.454122,1.01,New
153,1312,Dublin,Regional,R121,0,1,8,9,53.357294,-6.449796,53.377064,-6.439811,2.98,New
154,1313,Dublin,Regional,R121,0,0,6,6,53.38625,-6.402061,53.393526,-6.398195,0.85,New
155,1314,Dublin,Regional,R121,0,1,6,7,53.394176,-6.39739,53.396868,-6.392844,0.43,New
156,1315,Dublin,Regional,R121,0,1,11,12,53.39806,-6.390653,53.400533,-6.38081,0.71,New
157,1316,Dublin,Regional,R122,0,2,0,2,53.591301,-6.275602,53.595686,-6.263354,0.95,New
158,1317,Dublin,Regional,R122,0,1,6,7,53.603911,-6.209349,53.606937,-6.20252,0.57,New
159,1321,Dublin,Regional,R125,0,3,0,3,53.443945,-6.214746,53.447226,-6.220453,0.54,New
160,1322,Dublin,Regional,R125,0,1,2,3,53.463039,-6.221713,53.46505,-6.21566,0.54,New
161,1324,Dublin,Regional,R125,0,2,2,4,53.490835,-6.323059,53.489034,-6.312472,0.74,New
162,1325,Dublin,Regional,R126,0,1,3,4,53.48132,-6.190319,53.482713,-6.182694,0.56,New
163,1326,Dublin,Regional,R128,1,0,2,3,53.545109,-6.099242,53.552344,-6.102111,0.85,New
164,1327,Dublin,Regional,R128,1,1,0,2,53.561427,-6.103741,53.568172,-6.101807,0.76,New
165,1328,Dublin,Regional,R131,0,3,15,18,53.316311,-6.205048,53.336443,-6.217618,2.51,New
166,1329,Dublin,Regional,R131,1,2,9,12,53.360331,-6.238465,53.352514,-6.224988,1.25,New
167,1330,Dublin,Regional,R131,0,0,10,10,53.36342,-6.257913,53.360331,-6.238465,1.35,New
168,1331,Dublin,Regional,R132,0,2,8,10,53.357365,-6.263976,53.361385,-6.259737,0.53,New
169,1332,Dublin,Regional,R132,0,8,39,47,53.362847,-6.258437,53.382882,-6.244192,2.44,New
170,1333,Dublin,Regional,R132,1,3,9,13,53.397319,-6.245064,53.387691,-6.244323,1.12,New
171,1334,Dublin,Regional,R132,0,1,1,2,53.398854,-6.243971,53.403799,-6.240473,0.62,New
172,1335,Dublin,Regional,R132,0,1,1,2,53.45218,-6.218315,53.453881,-6.214771,0.31,New
173,1336,Dublin,Regional,R132,0,1,2,3,53.460753,-6.213182,53.46491,-6.21489,0.48,New
174,1337,Dublin,Regional,R132,0,0,9,9,53.498392,-6.194258,53.508464,-6.192774,1.15,New
175,1338,Dublin,Regional,R132,0,1,4,5,53.519526,-6.190871,53.535828,-6.197444,2.0,New
176,1339,Dublin,Regional,R132,0,2,3,5,53.615051,-6.191146,53.62113,-6.199481,0.87,New
177,1344,Dublin,Regional,R133,0,2,5,7,53.292812,-6.229536,53.284439,-6.225361,0.99,New
178,1345,Dublin,Regional,R134,0,1,7,8,53.322844,-6.408142,53.320621,-6.421514,0.93,New
179,1346,Dublin,Regional,R134,0,3,6,9,53.327756,-6.370938,53.326048,-6.358127,0.88,New
180,1347,Dublin,Regional,R134,0,2,8,10,53.327982,-6.39501,53.328182,-6.38038,0.98,New
181,1348,Dublin,Regional,R135,0,1,5,6,53.360793,-6.272688,53.356017,-6.26526,0.85,New
182,1351,Dublin,Regional,R135,0,1,5,6,53.434093,-6.333658,53.421299,-6.324857,1.54,New
183,1353,Dublin,Regional,R136,0,1,1,2,53.297784,-6.413117,53.29211,-6.406868,0.77,New
184,1354,Dublin,Regional,R136,0,1,2,3,53.301642,-6.416243,53.303301,-6.419881,0.31,New
185,1356,Dublin,Regional,R137,0,1,3,4,53.296467,-6.308111,53.299248,-6.300862,0.59,New
186,1357,Dublin,Regional,R137,0,2,11,13,53.333595,-6.275062,53.339299,-6.27259,0.67,New
187,1359,Dublin,Regional,R137,1,0,10,11,53.340196,-6.272256,53.34287,-6.271843,0.31,New
188,1360,Dublin,Regional,R137,0,5,38,43,53.342963,-6.271723,53.344285,-6.261846,0.7,New
189,1363,Dublin,Regional,R138,0,1,3,4,53.328091,-6.245547,53.331977,-6.251448,0.62,New
190,1365,Dublin,Regional,R138,0,3,12,15,53.329524,-6.24991,53.338366,-6.255585,1.18,New
191,1366,Dublin,Regional,R138,0,0,6,6,53.33871,-6.256099,53.341799,-6.258115,0.46,New
192,1367,Dublin,Regional,R138,0,1,7,8,53.347591,-6.259101,53.345322,-6.25846,0.34,New
193,1368,Dublin,Regional,R139,2,2,15,19,53.400645,-6.167784,53.410436,-6.215934,3.41,New
194,1369,Dublin,Regional,R139,0,1,2,3,53.410483,-6.217811,53.409973,-6.22565,0.53,New
195,1372,Dublin,Regional,R147,0,1,7,8,53.379224,-6.353458,53.37225,-6.331975,1.63,New
196,1374,Dublin,Regional,R147,0,1,2,3,53.599897,-6.613013,53.615937,-6.637757,2.43,New
197,1379,Dublin,Regional,R148,0,0,13,13,53.355953,-6.375756,53.350766,-6.356234,1.47,New
198,1706,Dublin,Regional,R801,0,1,1,2,53.347537,-6.239851,53.346781,-6.227618,0.82,New
199,1707,Dublin,Regional,R802,0,5,26,31,53.340091,-6.223805,53.343527,-6.246426,1.62,New
200,1708,Dublin,Regional,R802,0,1,7,8,53.345218,-6.255021,53.34828,-6.254945,0.34,New
201,1709,Dublin,Regional,R802,0,1,3,4,53.347404,-6.251848,53.343527,-6.246426,0.7,New
202,1710,Dublin,Regional,R802,0,4,27,31,53.349721,-6.25371,53.359035,-6.262042,1.19,New
203,1712,Dublin,Regional,R804,0,7,23,30,53.343184,-6.281212,53.354198,-6.266939,1.82,New
204,1713,Dublin,Regional,R804,0,0,6,6,53.343244,-6.281522,53.337184,-6.286463,0.88,New
205,1714,Dublin,Regional,R805,0,1,22,23,53.347932,-6.282165,53.360857,-6.296334,1.82,New
206,1715,Dublin,Regional,R805,0,1,1,2,53.368945,-6.305462,53.367446,-6.302613,0.25,New
207,1716,Dublin,Regional,R806,0,0,6,6,53.372863,-6.362095,53.370202,-6.345294,1.2,New
208,1717,Dublin,Regional,R807,0,1,4,5,53.364993,-6.175495,53.373254,-6.165499,1.15,New
209,1718,Dublin,Regional,R808,0,1,5,6,53.35922,-6.196074,53.370365,-6.19435,1.25,New
210,1719,Dublin,Regional,R809,0,0,8,8,53.39033,-6.169093,53.377793,-6.172549,1.69,New
211,1720,Dublin,Regional,R809,1,2,3,6,53.398616,-6.161656,53.391103,-6.167679,0.98,New
212,1723,Dublin,Regional,R810,1,11,72,84,53.343293,-6.275239,53.318847,-6.36553,7.01,New
213,1724,Dublin,Regional,R811,0,1,38,39,53.33632,-6.298822,53.332597,-6.26486,2.47,New
214,1725,Dublin,Regional,R811,0,0,6,6,53.339414,-6.307734,53.336483,-6.298985,0.79,New
215,1726,Dublin,Regional,R812,0,0,7,7,53.336561,-6.306371,53.334122,-6.327773,1.45,New
216,1727,Dublin,Regional,R813,0,1,8,9,53.346728,-6.247462,53.342746,-6.241155,0.85,New
217,1728,Dublin,Regional,R815,1,3,10,14,53.341927,-6.250341,53.329528,-6.232014,2.1,New
218,1729,Dublin,Regional,R816,0,1,3,4,53.334383,-6.245666,53.337539,-6.251445,0.53,New
219,1730,Dublin,Regional,R817,0,2,2,4,53.294292,-6.308919,53.30244,-6.308956,0.92,New
220,1733,Dublin,Regional,R818,0,1,4,5,53.30955,-6.284684,53.312673,-6.303218,1.28,New
221,1734,Dublin,Regional,R820,0,1,10,11,53.308208,-6.253182,53.321471,-6.265828,2.01,New
222,1735,Dublin,Regional,R821,0,1,8,9,53.29668,-6.284609,53.291908,-6.265104,1.46,New
223,1736,Dublin,Regional,R822,0,2,4,6,53.293657,-6.282081,53.281542,-6.278538,1.44,New
224,1737,Dublin,Regional,R825,1,1,11,13,53.289048,-6.213154,53.290225,-6.192352,1.47,New
225,1738,Dublin,Regional,R825,0,2,3,5,53.291924,-6.180184,53.299472,-6.179711,0.85,New
226,1739,Dublin,Regional,R825,0,3,26,29,53.315935,-6.237717,53.292812,-6.229536,2.76,New
227,1740,Dublin,Regional,R826,0,3,1,4,53.285076,-6.239423,53.29152,-6.233469,0.9,New
228,1741,Dublin,Regional,R828,0,1,8,9,53.27193,-6.144846,53.285253,-6.160581,1.87,New
229,1742,Dublin,Regional,R829,0,1,1,2,53.276145,-6.123384,53.27989,-6.13539,0.91,New
230,1744,Dublin,Regional,R830,1,1,1,3,53.294907,-6.14267,53.28856,-6.145505,0.75,New
231,1745,Dublin,Regional,R833,1,1,4,6,53.342805,-6.318031,53.343374,-6.335259,1.18,New
232,1746,Dublin,Regional,R833,0,1,2,3,53.347602,-6.388947,53.347121,-6.384617,0.29,New
233,1747,Dublin,Regional,R833,0,1,3,4,53.347934,-6.3975,53.34783,-6.392978,0.3,New
234,1748,Dublin,Regional,R834,0,1,1,2,53.360929,-6.228978,53.357885,-6.234219,0.5,New
235,1749,Dublin,Regional,R835,0,2,1,3,53.354766,-6.477506,53.354569,-6.467205,0.78,New
236,1750,Dublin,Regional,R836,0,0,14,14,53.4502,-6.225388,53.465024,-6.216148,1.82,New
237,1751,Dublin,Regional,R838,0,0,7,7,53.291271,-6.409162,53.292583,-6.400451,0.61,New
238,1752,Dublin,Regional,R838,0,0,6,6,53.298121,-6.377336,53.305353,-6.360867,1.37,New
239,1754,Dublin,Regional,R843,0,0,6,6,53.385699,-6.402027,53.385918,-6.396457,0.37,New
240,1790,Dublin,National,N11,1,7,14,22,53.241486,-6.129659,53.267808,-6.160819,3.69,New
241,1813,Dublin,National,N2,2,2,4,8,53.623503,-6.488099,53.563001,-6.443355,7.37,New
242,1868,Dublin,National,N3,0,0,15,15,53.40603,-6.412977,53.380991,-6.358063,4.69,New
243,1875,Dublin,National,N31,0,2,5,7,53.273552,-6.200688,53.282398,-6.193279,1.15,New
244,1876,Dublin,National,N31,0,1,7,8,53.297429,-6.17097,53.295783,-6.145739,1.94,New
245,1877,Dublin,National,N4,2,0,9,11,53.354308,-6.459832,53.357951,-6.474633,1.13,New
246,1878,Dublin,National,N4,1,1,2,4,53.355211,-6.429886,53.357836,-6.406334,1.72,New
247,1879,Dublin,National,N4,0,0,6,6,53.355884,-6.37621,53.355661,-6.397584,1.47,New
248,1962,Dublin,National,N7,3,0,1,4,53.29246,-6.432363,53.304399,-6.413305,1.88,New
249,2014,Dublin,National,N81,0,6,17,23,53.244817,-6.456293,53.284065,-6.381751,7.45,New
250,2029,Dublin,Motorway,M1,0,1,3,4,53.549786,-6.215719,53.578109,-6.210705,3.18,New
251,2030,Dublin,Motorway,M1,0,1,2,3,53.603659,-6.227677,53.635608,-6.252392,4.0,New
252,2039,Dublin,Motorway,M2,0,1,1,2,53.526208,-6.416116,53.498633,-6.417299,3.16,New
253,2049,Dublin,Motorway,M50,0,1,3,4,53.374554,-6.243828,53.408673,-6.227987,4.03,New
254,2073,rbDaunb Rlionad,Urban Stree,H/Uanrtcsltaoswsifnie Rdoad,2,3,5,10,53.390892,-6.413345,53.401438,-6.407482,1.85,New
255,2074,rbDaunb Rlionad,Urban Stree,/UnTchlaes sCiofioedmbe,1,0,2,3,53.339362,-6.279979,53.339548,-6.275368,0.33,New
256,2079,rbDaunb Rlionad,Urban Stree,/Uldn cDluasbslifnie Rdoad,1,2,2,5,53.292528,-6.201822,53.288981,-6.198331,0.46,New
257,2080,rbDaunb Rlionad,Urban Stree,/UncBlauslsfifnie Rdoad,1,0,1,2,53.339599,-6.314512,53.339486,-6.309938,0.31,New
258,2089,Dublin,Regional,R105,0,1,1,2,53.388012,-6.064965,53.381131,-6.058269,0.99,New
259,2091,Dublin,Local,L4028,0,1,3,4,53.269545,-6.33248,53.273019,-6.309066,1.68,New
260,2093,rbDaunb Rlionad,Urban Stree,/UncTloaswseifrie Rdoad,0,1,2,3,53.366483,-6.364281,53.357898,-6.356705,1.12,New
261,2110,rbDaunb Rlionad,Urban Stree,/aUllnyncloagsgsifnie Rdoad,0,1,4,5,53.275499,-6.145239,53.279696,-6.136744,0.73,New
262,2111,rbDaunb Rlionad,UrbanB Srutrnese,/icUkn Sctlaresseitf iNedorth,0,1,2,3,53.350467,-6.281806,53.350552,-6.279736,0.14,New
263,2113,rbDaunb Rlionad,Urban SMtrerer,/oUnn ScqlausasrifeieWdest,0,2,4,6,53.341111,-6.250717,53.339778,-6.252038,0.17,New
264,2116,Dublin,Local,L3012,0,1,1,2,53.277785,-6.262938,53.286922,-6.266193,1.14,New
265,2117,rbDaunb Rlionad,Urban Stree,/UnCclolagshseifrie Rdoad,0,1,3,4,53.325791,-6.296562,53.32986,-6.284341,0.97,New
266,2119,rbDaunb Rlionad,Urban Stree,/oUunthcl aLosstitfsie Rdoad,0,1,1,2,53.337687,-6.233609,53.341027,-6.231696,0.39,New
267,2122,rbDaunb Rlionad,Urban Stree,/tUancnlawssaifyie Rdoad,0,1,8,9,53.316078,-6.307635,53.322031,-6.294872,1.08,New
268,2125,rbDaunb Rlionad,Urban Stree,/UnGclalassnseifvieind Hill,0,3,2,5,53.372853,-6.268495,53.377669,-6.276928,0.87,New
269,2126,rbDaunb Rlionad,Urban Stree,/UMnacllaahsisdifeie Rdoad,0,1,2,3,53.456291,-6.221009,53.45433,-6.215489,0.47,New
270,2127,rbDaunb Rlionad,Urban Stree,/UnKcilladsasrifeie Rdoad,0,2,7,9,53.324959,-6.316713,53.324883,-6.299314,1.17,New
271,2130,rbDaunb Rlionad,Urban Stree,/UnTcalalbsositf iSetdreet,0,1,2,3,53.350349,-6.252705,53.353728,-6.254723,0.4,New
272,2131,rbDaunb Rlionad,Urban Stree,/GUlnencl aEsllsaifnie Rdoad,0,1,1,2,53.466551,-6.21931,53.470491,-6.22021,0.44,New
273,2133,rbDaunb Rlionad,Urban Stree,/USnucnldasrsivifeie Rdoad,0,1,12,13,53.326923,-6.29747,53.319832,-6.291236,0.9,New
274,2135,rbDaunb Rlionad,Urban Stree,/HUanrcloaussritf iSetdreet,0,1,7,8,53.334174,-6.262982,53.337386,-6.262768,0.37,New
275,2136,rbDaunb Rlionad,Urban Stree,/UncLlaimsseif iSetdreet,0,1,2,3,53.344714,-6.243962,53.346327,-6.243533,0.18,New
276,2139,rbDaunb Rlionad,Urban StreFoe,/tuUnecslatosswifnie Ldane,0,1,6,7,53.284866,-6.418917,53.285592,-6.407888,0.76,New
277,2140,rbDaunb Rlionad,Urban Stree,/Uenrbcluarsgshif iSetdreet,0,1,4,5,53.340587,-6.270039,53.343127,-6.269914,0.28,New
278,2141,rbDaunb Rlionad,UrbanO S'tCroene,/eUlln Sctlraesestif iUepdper,0,1,19,20,53.352427,-6.26122,53.347716,-6.259278,0.54,New
279,2143,rbDaunb Rlionad,Urban Stree,a/Umnecsltaoswsifnie Rdoad,0,2,4,6,53.391782,-6.296382,53.402575,-6.291566,1.32,New
280,2144,rbDaunb Rlionad,UrbanS Sytdrene,/ UPanrcaladses iAfiveednue,0,2,0,2,53.320052,-6.212661,53.323364,-6.207084,0.55,New
281,2145,rbDaunb Rlionad,Urban Stree,/UnKcillmasosrifeie Rdoad,0,1,7,8,53.384356,-6.218566,53.380245,-6.210704,0.77,New
282,2146,Dublin,Local,L1014,0,1,4,5,53.328583,-6.358802,53.33929,-6.354948,1.33,New
283,2147,rbDaunb Rlionad,Urban Stree,/BUanlclilnatseseifrie Rdoad,0,2,0,2,53.282471,-6.244847,53.287453,-6.246474,0.57,New
284,2148,Dublin,Local,L3080,0,1,4,5,53.39385,-6.323605,53.387746,-6.32044,0.84,New
285,2151,rbDaunb Rlionad,Urban Stree,/UAvnoclnadsasilfeie Rdoad,0,1,1,2,53.266528,-6.133613,53.272953,-6.124833,0.96,New
286,2152,rbDaunb Rlionad,Urban StCroeer,/aUllinsc Rlaosasdif iSeoduth,0,2,4,6,53.425361,-6.237091,53.427074,-6.243001,0.44,New
287,2153,rbDaunb Rlionad,Urban StrMeea,/lUbonrcolausgshif iSetdreet,0,1,1,2,53.348491,-6.257503,53.351504,-6.258752,0.35,New
288,2154,rbDaunb Rlionad,Urban Stree,/UTniccklansoscifki eDdrive,0,1,3,4,53.26794,-6.248562,53.265442,-6.235214,1.02,New
289,2155,rbDaunb Rlionad,Urban Stree,/UncMlaassinif iSetdreet,0,1,6,7,53.389036,-6.298985,53.386048,-6.295778,0.4,New
290,2157,rbDaunb Rlionad,Urban Stree,/LUandcylsawsseiflile Rdoad,0,1,1,2,53.407882,-6.402318,53.406863,-6.397759,0.32,New
